{
	"info": {
		"_postman_id": "7f08f643-7d42-4e40-a50e-fca9a6c98a78",
		"name": "entregable 3",
		"schema": "https://schema.getpostman.com/json/collection/v2.1.0/collection.json"
	},
	"item": [
		{
			"name": "get 1",
			"request": {
				"method": "GET",
				"header": [],
				"url": {
					"raw": "https://www.dropbox.com/developers?user",
					"protocol": "https",
					"host": [
						"www",
						"dropbox",
						"com"
					],
					"path": [
						"developers"
					],
					"query": [
						{
							"key": "user",
							"value": null
						}
					]
				}
			},
			"response": []
		},
		{
			"name": "Post 1",
			"request": {
				"method": "POST",
				"header": [],
				"url": {
					"raw": "https://www.dropbox.com/developers",
					"protocol": "https",
					"host": [
						"www",
						"dropbox",
						"com"
					],
					"path": [
						"developers"
					]
				}
			},
			"response": []
		},
		{
			"name": "Delete 1",
			"request": {
				"method": "DELETE",
				"header": [],
				"url": {
					"raw": "https://www.dropbox.com/developers?user",
					"protocol": "https",
					"host": [
						"www",
						"dropbox",
						"com"
					],
					"path": [
						"developers"
					],
					"query": [
						{
							"key": "user",
							"value": null
						}
					]
				}
			},
			"response": []
		},
		{
			"name": "Put 1",
			"request": {
				"method": "PUT",
				"header": [],
				"url": {
					"raw": "https://www.dropbox.com/developers?user",
					"protocol": "https",
					"host": [
						"www",
						"dropbox",
						"com"
					],
					"path": [
						"developers"
					],
					"query": [
						{
							"key": "user",
							"value": null
						}
					]
				}
			},
			"response": []
		},
		{
			"name": "Get 2",
			"request": {
				"method": "GET",
				"header": [],
				"url": {
					"raw": "https://petstore.swagger.io/#/",
					"protocol": "https",
					"host": [
						"petstore",
						"swagger",
						"io"
					],
					"path": [
						""
					],
					"hash": "/"
				}
			},
			"response": []
		},
		{
			"name": "Post 2",
			"request": {
				"method": "POST",
				"header": [],
				"url": {
					"raw": "https://petstore.swagger.io/#/",
					"protocol": "https",
					"host": [
						"petstore",
						"swagger",
						"io"
					],
					"path": [
						""
					],
					"hash": "/"
				}
			},
			"response": []
		},
		{
			"name": "Put 2",
			"request": {
				"method": "PUT",
				"header": [],
				"url": {
					"raw": "https://petstore.swagger.io/#/",
					"protocol": "https",
					"host": [
						"petstore",
						"swagger",
						"io"
					],
					"path": [
						""
					],
					"hash": "/"
				}
			},
			"response": []
		},
		{
			"name": "Delete 2",
			"request": {
				"method": "DELETE",
				"header": [],
				"url": {
					"raw": "https://petstore.swagger.io/#/",
					"protocol": "https",
					"host": [
						"petstore",
						"swagger",
						"io"
					],
					"path": [
						""
					],
					"hash": "/"
				}
			},
			"response": []
		}
	],
	"protocolProfileBehavior": {}
}